Workbook

Sheet Assumptions
A1: Assumptions / Inputs (edit these — everything else recalculates)
A2: Paid trials / mo — base (current) | B2: 8900 | C2: Held constant in base scenarios.
A3: Paid trials / mo — stretch | B3: 12000 | C3: Stretch volume scenario.
A4: 1-month trial -> Full-Price CVR | B4: 0.49 | C4: Historic 1-mo trial conversion.
A5: Current 3-month trial CVR | B5: 0.31 | C5: Historic 3-mo trial conversion (~30%).
A6: IAF (incrementality factor) | B6: 0.38 | C6: iCAC = payout x CVR / IAF.
A7: iCAC target ($) | B7: 267 | C7: US iCAC benchmark.
A8: Current payout ($ / paid trial) | B8: 90 | C8: Current 3-mo model pays per paid trial.
A9: LTV per FP shop ($) | C9: INPUT: predicted LTV per shop from shopify-dw.marketing.shop_ltv_mart_predictions_with_forecast (US new shops via Adrian's funnel). Fill this cell.
A10: New payout 1 ($ / FP conversion) | B10: 250 | C10: Per full-price conversion.
A11: New payout 2 ($ / FP conversion) | B11: 300 | C11: Per full-price conversion.
A12: New payout 3 ($ / FP conversion) | B12: 350 | C12: Per full-price conversion.

Sheet Scenarios
A1: Adrian Morrison — 1-Month Paid-Trial Economics (iCAC & LTV by payout)
B2: Current (Mar–Apr) | C2: Base volume — 8,900 paid trials / mo | F2: Stretch volume — 12,000 paid trials / mo
A3: Payout | B3: $90 / paid trial | C3: $250 / FP | D3: $300 / FP | E3: $350 / FP | F3: $250 / FP | G3: $300 / FP | H3: $350 / FP
A4: WHAT WE GET
A5: Payout rate ($) | B5: =Assumptions!$B$8 | C5: =Assumptions!$B$10 | D5: =Assumptions!$B$11 | E5: =Assumptions!$B$12 | F5: =Assumptions!$B$10 | G5: =Assumptions!$B$11 | H5: =Assumptions!$B$12
A6: Paid trials / mo | B6: =Assumptions!$B$2 | C6: =Assumptions!$B$2 | D6: =Assumptions!$B$2 | E6: =Assumptions!$B$2 | F6: =Assumptions!$B$3 | G6: =Assumptions!$B$3 | H6: =Assumptions!$B$3
A7: Trial -> Full-Price CVR | B7: =Assumptions!$B$5 | C7: =Assumptions!$B$4 | D7: =Assumptions!$B$4 | E7: =Assumptions!$B$4 | F7: =Assumptions!$B$4 | G7: =Assumptions!$B$4 | H7: =Assumptions!$B$4
A8: Full-Price shops / mo | B8: =B6*B7 | C8: =C6*C7 | D8: =D6*D7 | E8: =E6*E7 | F8: =F6*F7 | G8: =G6*G7 | H8: =H6*H7
A9: FP shops gained / mo vs current | B9: =B8-$B$8 | C9: =C8-$B$8 | D9: =D8-$B$8 | E9: =E8-$B$8 | F9: =F8-$B$8 | G9: =G8-$B$8 | H9: =H8-$B$8
A10: FP shops gained / yr vs current | B10: =(B8-$B$8)*12 | C10: =(C8-$B$8)*12 | D10: =(D8-$B$8)*12 | E10: =(E8-$B$8)*12 | F10: =(F8-$B$8)*12 | G10: =(G8-$B$8)*12 | H10: =(H8-$B$8)*12
A11: WHAT IT COSTS
A12: Monthly spend ($) | B12: =B5*B6 | C12: =C5*C8 | D12: =D5*D8 | E12: =E5*E8 | F12: =F5*F8 | G12: =G5*G8 | H12: =H5*H8
A13: Annual spend ($) | B13: =B12*12 | C13: =C12*12 | D13: =D12*12 | E13: =E12*12 | F13: =F12*12 | G13: =G12*12 | H13: =H12*12
A14: Cost per FP shop ($) | B14: =B12/B8 | C14: =C12/C8 | D14: =D12/D8 | E14: =E12/E8 | F14: =F12/F8 | G14: =G12/G8 | H14: =H12/H8
A15: iCAC ($) | B15: =B5/Assumptions!$B$6 | C15: =C5*C7/Assumptions!$B$6 | D15: =D5*D7/Assumptions!$B$6 | E15: =E5*E7/Assumptions!$B$6 | F15: =F5*F7/Assumptions!$B$6 | G15: =G5*G7/Assumptions!$B$6 | H15: =H5*H7/Assumptions!$B$6
A16: iCAC vs $267 target | B16: =B15/Assumptions!$B$7-1 | C16: =C15/Assumptions!$B$7-1 | D16: =D15/Assumptions!$B$7-1 | E16: =E15/Assumptions!$B$7-1 | F16: =F15/Assumptions!$B$7-1 | G16: =G15/Assumptions!$B$7-1 | H16: =H15/Assumptions!$B$7-1
A17: LTV (fill Assumptions!B9 to populate)
A18: LTV per FP shop ($) | B18: =IF(Assumptions!$B$9="","-",Assumptions!$B$9) | C18: =IF(Assumptions!$B$9="","-",Assumptions!$B$9) | D18: =IF(Assumptions!$B$9="","-",Assumptions!$B$9) | E18: =IF(Assumptions!$B$9="","-",Assumptions!$B$9) | F18: =IF(Assumptions!$B$9="","-",Assumptions!$B$9) | G18: =IF(Assumptions!$B$9="","-",Assumptions!$B$9) | H18: =IF(Assumptions!$B$9="","-",Assumptions!$B$9)
A19: Total LTV of new FP shops / mo ($) | B19: =IF(Assumptions!$B$9="","-",Assumptions!$B$9*B8) | C19: =IF(Assumptions!$B$9="","-",Assumptions!$B$9*C8) | D19: =IF(Assumptions!$B$9="","-",Assumptions!$B$9*D8) | E19: =IF(Assumptions!$B$9="","-",Assumptions!$B$9*E8) | F19: =IF(Assumptions!$B$9="","-",Assumptions!$B$9*F8) | G19: =IF(Assumptions!$B$9="","-",Assumptions!$B$9*G8) | H19: =IF(Assumptions!$B$9="","-",Assumptions!$B$9*H8)
A20: Total LTV of new FP shops / yr ($) | B20: =IF(Assumptions!$B$9="","-",Assumptions!$B$9*B8*12) | C20: =IF(Assumptions!$B$9="","-",Assumptions!$B$9*C8*12) | D20: =IF(Assumptions!$B$9="","-",Assumptions!$B$9*D8*12) | E20: =IF(Assumptions!$B$9="","-",Assumptions!$B$9*E8*12) | F20: =IF(Assumptions!$B$9="","-",Assumptions!$B$9*F8*12) | G20: =IF(Assumptions!$B$9="","-",Assumptions!$B$9*G8*12) | H20: =IF(Assumptions!$B$9="","-",Assumptions!$B$9*H8*12)
A21: LTV : iCAC ratio | B21: =IF(Assumptions!$B$9="","-",Assumptions!$B$9/B15) | C21: =IF(Assumptions!$B$9="","-",Assumptions!$B$9/C15) | D21: =IF(Assumptions!$B$9="","-",Assumptions!$B$9/D15) | E21: =IF(Assumptions!$B$9="","-",Assumptions!$B$9/E15) | F21: =IF(Assumptions!$B$9="","-",Assumptions!$B$9/F15) | G21: =IF(Assumptions!$B$9="","-",Assumptions!$B$9/G15) | H21: =IF(Assumptions!$B$9="","-",Assumptions!$B$9/H15)
A22: LTV : cost-per-FP-shop ratio | B22: =IF(Assumptions!$B$9="","-",Assumptions!$B$9/B14) | C22: =IF(Assumptions!$B$9="","-",Assumptions!$B$9/C14) | D22: =IF(Assumptions!$B$9="","-",Assumptions!$B$9/D14) | E22: =IF(Assumptions!$B$9="","-",Assumptions!$B$9/E14) | F22: =IF(Assumptions!$B$9="","-",Assumptions!$B$9/F14) | G22: =IF(Assumptions!$B$9="","-",Assumptions!$B$9/G14) | H22: =IF(Assumptions!$B$9="","-",Assumptions!$B$9/H14)
A23: Net LTV per FP shop ($) (LTV - cost/FP shop) | B23: =IF(Assumptions!$B$9="","-",Assumptions!$B$9-B14) | C23: =IF(Assumptions!$B$9="","-",Assumptions!$B$9-C14) | D23: =IF(Assumptions!$B$9="","-",Assumptions!$B$9-D14) | E23: =IF(Assumptions!$B$9="","-",Assumptions!$B$9-E14) | F23: =IF(Assumptions!$B$9="","-",Assumptions!$B$9-F14) | G23: =IF(Assumptions!$B$9="","-",Assumptions!$B$9-G14) | H23: =IF(Assumptions!$B$9="","-",Assumptions!$B$9-H14)

Sheet README
A1: How this workbook works
A3: PURPOSE
A4: Compare Adrian Morrison's affiliate economics when switching from a 3-month
A5: paid trial ($90 / paid trial, ~31% conversion) to a 1-month paid trial paid
A6: PER full-price conversion (~49% conversion), across payouts of $250/$300/$350.
A8: WHAT TO EDIT
A9: Only the Assumptions tab. Everything on Scenarios is live formulas.
A10: The yellow cell Assumptions!B9 (LTV per FP shop) is the one external input —
A11: paste the predicted LTV per shop from:
A12: shopify-dw.marketing.shop_ltv_mart_predictions_with_forecast
A13: (filtered to US new shops acquired through Adrian's funnel).
A14: Until it is filled, all LTV / LTV:CAC rows display '-'.
... A34: input cell so it populates instantly once the value is entered.
